timestamp,evento,zona_horaria
2026-06-10 08:50:31,Entrada a bloque: CIERRE DE BLOQUE,America/Santo_Domingo
2026-06-11 10:11:53,Entrada a bloque: EN AIRE / PROGRAMA,America/Santo_Domingo
2026-06-11 10:14:48,Entrada a bloque: EN AIRE / PROGRAMA,America/Santo_Domingo
2026-06-11 10:18:59,Entrada a bloque: EN AIRE / PROGRAMA,America/Santo_Domingo
2026-06-11 10:20:24,Entrada a bloque: EN AIRE / PROGRAMA,America/Santo_Domingo
2026-06-11 10:21:23,Entrada a bloque: EN AIRE / PROGRAMA,America/Santo_Domingo
2026-06-11 10:23:28,Entrada a bloque: EN AIRE / PROGRAMA,America/Santo_Domingo
2026-06-11 10:36:48,Entrada a bloque: EN AIRE / PROGRAMA,America/Santo_Domingo
2026-06-11 10:38:05,Entrada a bloque: EN AIRE / PROGRAMA,America/Santo_Domingo
2026-06-11 10:50:33,Entrada a bloque: EN AIRE / PROGRAMA,America/Santo_Domingo
2026-07-08 10:39:49,Entrada a bloque: EN AIRE / PROGRAMA,America/Santo_Domingo
2026-07-12 08:13:28,Entrada a bloque: EN AIRE / PROGRAMA,America/Santo_Domingo
2026-07-12 08:49:24,Entrada a bloque: EN AIRE / PROGRAMA,America/Santo_Domingo
2026-07-13 09:38:21,Entrada a bloque: EN AIRE / PROGRAMA,America/Santo_Domingo
2026-07-13 09:39:59,Entrada a bloque: EN AIRE / PROGRAMA,America/Santo_Domingo
2026-07-13 09:40:17,Entrada a bloque: EN AIRE / PROGRAMA,America/Santo_Domingo
2026-07-13 09:41:07,Entrada a bloque: EN AIRE / PROGRAMA,America/Santo_Domingo
2026-07-13 10:05:07,Entrada a bloque: EN AIRE / PROGRAMA,America/Santo_Domingo
2026-07-13 10:06:22,Entrada a bloque: EN AIRE / PROGRAMA,America/Santo_Domingo
